{"stats":{"minecraft:picked_up":{"minecraft:raw_iron":21,"minecraft:stick":15,"minecraft:crafting_table":4,"minecraft:andesite":1,"minecraft:torch":1,"minecraft:oak_log":56,"minecraft:dirt":1,"minecraft:apple":2,"minecraft:oak_sapling":11,"minecraft:coal":41,"iceandfire:raw_silver":2,"minecraft:cobblestone":53},"minecraft:mined":{"iceandfire:silver_ore":2,"minecraft:iron_ore":21,"minecraft:andesite":1,"minecraft:crafting_table":4,"gravestone:gravestone":1,"minecraft:coal_ore":41,"minecraft:grass_block":1,"minecraft:oak_log":57,"minecraft:dead_bush":2,"minecraft:dirt":1,"minecraft:stone":53,"minecraft:wall_torch":1},"minecraft:used":{"minecraft:wooden_axe":55,"minecraft:apple":1,"minecraft:stone_pickaxe":116,"minecraft:wooden_pickaxe":3,"minecraft:torch":12,"minecraft:stone_axe":15,"minecraft:cobblestone":12,"minecraft:crafting_table":5,"minecraft:furnace":1},"minecraft:dropped":{"minecraft:oak_button":24,"gravestone:obituary":1},"minecraft:custom":{"minecraft:time_since_rest":9830,"minecraft:interact_with_furnace":2,"minecraft:sprint_one_cm":44352,"minecraft:damage_taken":280,"minecraft:walk_one_cm":44916,"minecraft:mob_kills":3,"minecraft:drop":25,"minecraft:damage_dealt":703,"minecraft:interact_with_crafting_table":5,"minecraft:fly_one_cm":45834,"minecraft:crouch_one_cm":342,"minecraft:play_time":33044,"minecraft:deaths":1,"minecraft:sneak_time":143,"minecraft:jump":261,"minecraft:leave_game":3,"minecraft:walk_on_water_one_cm":1056,"minecraft:time_since_death":9754,"minecraft:total_world_time":33044,"minecraft:fall_one_cm":7545},"minecraft:killed_by":{"minecraft:zombie":1},"minecraft:killed":{"minecraft:zombie":3},"minecraft:crafted":{"minecraft:oak_planks":48,"minecraft:crafting_table":1,"minecraft:stick":4,"minecraft:wooden_pickaxe":1,"minecraft:stone_pickaxe":1,"minecraft:wooden_axe":1,"minecraft:furnace":1,"minecraft:oak_button":24,"minecraft:torch":20,"minecraft:stone_axe":1}},"DataVersion":3465}