{"stats":{"minecraft:crafted":{"minecraft:oak_button":24,"minecraft:oak_planks":48,"minecraft:crafting_table":1,"minecraft:stick":4,"minecraft:wooden_pickaxe":1,"minecraft:stone_pickaxe":1,"minecraft:wooden_axe":1},"minecraft:custom":{"minecraft:time_since_rest":20126,"minecraft:crouch_one_cm":342,"minecraft:sprint_one_cm":12335,"minecraft:play_time":20126,"minecraft:damage_taken":30,"minecraft:walk_one_cm":14573,"minecraft:sneak_time":143,"minecraft:drop":24,"minecraft:jump":95,"minecraft:leave_game":2,"minecraft:time_since_death":20126,"minecraft:total_world_time":20126,"minecraft:interact_with_crafting_table":3,"minecraft:fall_one_cm":4106,"minecraft:fly_one_cm":19999},"minecraft:mined":{"minecraft:grass_block":1,"minecraft:oak_log":57,"minecraft:dead_bush":1,"minecraft:stone":15,"minecraft:crafting_table":1},"minecraft:used":{"minecraft:wooden_axe":54,"minecraft:crafting_table":2,"minecraft:stone_pickaxe":12,"minecraft:wooden_pickaxe":3},"minecraft:dropped":{"minecraft:oak_button":24},"minecraft:picked_up":{"minecraft:stick":15,"minecraft:crafting_table":1,"minecraft:apple":2,"minecraft:oak_log":56,"minecraft:oak_sapling":11,"minecraft:cobblestone":15}},"DataVersion":3465}