{"stats":{"minecraft:killed_by":{"minecraft:zombie":1},"minecraft:used":{"minecraft:wooden_axe":55,"minecraft:apple":1,"minecraft:stone_pickaxe":116,"minecraft:wooden_pickaxe":3,"minecraft:torch":12,"minecraft:stone_axe":15,"minecraft:cobblestone":14,"minecraft:crafting_table":5,"minecraft:furnace":1},"minecraft:crafted":{"minecraft:oak_planks":48,"minecraft:crafting_table":1,"minecraft:stick":4,"minecraft:wooden_pickaxe":1,"minecraft:stone_pickaxe":1,"minecraft:wooden_axe":1,"minecraft:furnace":1,"minecraft:oak_button":24,"minecraft:torch":20,"minecraft:stone_axe":1},"minecraft:picked_up":{"minecraft:crafting_table":4,"minecraft:stick":15,"minecraft:raw_iron":21,"minecraft:andesite":1,"minecraft:torch":1,"minecraft:oak_log":56,"minecraft:dirt":1,"minecraft:apple":2,"minecraft:oak_sapling":11,"minecraft:coal":41,"iceandfire:raw_silver":2,"minecraft:cobblestone":53},"minecraft:custom":{"minecraft:time_since_rest":15762,"minecraft:interact_with_furnace":2,"minecraft:sprint_one_cm":45397,"minecraft:damage_taken":300,"minecraft:walk_one_cm":46067,"minecraft:mob_kills":3,"minecraft:drop":25,"minecraft:damage_dealt":703,"minecraft:interact_with_crafting_table":6,"minecraft:fly_one_cm":48140,"minecraft:crouch_one_cm":342,"minecraft:play_time":38976,"minecraft:deaths":1,"minecraft:sneak_time":143,"minecraft:jump":271,"minecraft:leave_game":6,"minecraft:time_since_death":15686,"minecraft:walk_on_water_one_cm":1056,"minecraft:total_world_time":38976,"minecraft:fall_one_cm":8029},"minecraft:dropped":{"minecraft:oak_button":24,"gravestone:obituary":1},"minecraft:killed":{"minecraft:zombie":3},"minecraft:mined":{"iceandfire:silver_ore":2,"minecraft:iron_ore":21,"minecraft:andesite":1,"minecraft:crafting_table":4,"gravestone:gravestone":1,"minecraft:grass_block":1,"minecraft:oak_log":57,"minecraft:coal_ore":41,"minecraft:dead_bush":2,"minecraft:dirt":1,"minecraft:stone":53,"minecraft:wall_torch":1}},"DataVersion":3465}